email,status
learner_1600410220871@yopmail.com,true
learner_1600410267003@yopmail.com,true
learner_1600410318483@yopmail.com,true
learner_1600410416771@yopmail.com,true
learner_1600410508864@yopmail.com,true
learner_1600410547934@yopmail.com,true
learner_1600410589404@yopmail.com,true
learner_1600410632005@yopmail.com,true
learner_1600410669043@yopmail.com,true
learner_1600410706978@yopmail.com,true
learner_1601272424473@yopmail.com,true
learner_1601272469968@yopmail.com,true
learner_1601272508461@yopmail.com,true
learner_1601272547366@yopmail.com,true
learner_1601272586734@yopmail.com,true
learner_1601272627067@yopmail.com,true
learner_1601272665689@yopmail.com,true
learner_1601272704598@yopmail.com,true
learner_1601272744008@yopmail.com,true
learner_1601272783721@yopmail.com,true
learner_1601984407182@yopmail.com,true
learner_1601984506500@yopmail.com,true
learner_1601984586699@yopmail.com,true
learner_1601984655087@yopmail.com,true
learner_1601984720151@yopmail.com,true
learner_1601984764663@yopmail.com,true
learner_1601984826269@yopmail.com,true
learner_1601984880903@yopmail.com,true
learner_1601984948138@yopmail.com,true
learner_1601985002681@yopmail.com,true
learner_1601985056017@yopmail.com,true
learner_1601985105320@yopmail.com,true
learner_1601985153828@yopmail.com,true
learner_1601985201238@yopmail.com,true
learner_1601985270927@yopmail.com,true
learner_1603346602061@yopmail.com,true
learner_1603346658526@yopmail.com,true
learner_1603346720863@yopmail.com,true
learner_1603346760834@yopmail.com,true
learner_1603346801670@yopmail.com,true
learner_1603346841976@yopmail.com,true
learner_1603346878632@yopmail.com,true
learner_1603346916739@yopmail.com,true
learner_1603346958218@yopmail.com,true
learner_1603346996630@yopmail.com,true
learner_1603347033720@yopmail.com,true
learner_1603347074021@yopmail.com,true
learner_1603347114971@yopmail.com,true
learner_1603347155451@yopmail.com,true
learner_1603347192856@yopmail.com,true
learner_1603371078341@yopmail.com,true
learner_1603371130759@yopmail.com,true
learner_1603371179496@yopmail.com,true
learner_1603371226665@yopmail.com,true
learner_1603371269105@yopmail.com,true
learner_1603371675862@yopmail.com,true
learner_1605072626386@yopmail.com,true
learner_1605072670385@yopmail.com,true
learner_1605072715863@yopmail.com,true
learner_1605072756913@yopmail.com,true
learner_1605072800960@yopmail.com,true
learner_1605072843846@yopmail.com,true
learner_1605072886220@yopmail.com,true
learner_1605072928778@yopmail.com,true
learner_1605072972003@yopmail.com,true
learner_1605073011817@yopmail.com,true
learner_1605848627527@yopmail.com,true
learner_1605848677462@yopmail.com,true
learner_1605848722216@yopmail.com,true
learner_1605848766376@yopmail.com,true
learner_1605848815043@yopmail.com,true
learner_1605878294622@yopmail.com,true
learner_1605878345629@yopmail.com,true
learner_1605878395446@yopmail.com,true
learner_1605878442034@yopmail.com,true
learner_1605878486904@yopmail.com,true
learner_1605878550426@yopmail.com,true
learner_1605878595528@yopmail.com,true
learner_1605878666083@yopmail.com,true
learner_1605878713100@yopmail.com,true
learner_1605878760718@yopmail.com,true
learner_1607068320130@yopmail.com,true
learner_1607068368914@yopmail.com,true
learner_1607068417929@yopmail.com,true
learner_1607068465071@yopmail.com,true
learner_1607068510414@yopmail.com,true
learner_1607068599573@yopmail.com,true
learner_1607068642392@yopmail.com,true
learner_1607068687947@yopmail.com,true
learner_1607068735569@yopmail.com,true
learner_1607068784055@yopmail.com,true
learner_1607069615033@yopmail.com,true
learner_1607069656673@yopmail.com,true
learner_1607069695088@yopmail.com,true
learner_1607069734992@yopmail.com,true
learner_1607069778655@yopmail.com,true
learner_1608275897807@yopmail.com,true
learner_1608275943711@yopmail.com,true
learner_1608275995972@yopmail.com,true
learner_1608276045321@yopmail.com,true
learner_1608276094117@yopmail.com,true
learner_1608279686175@yopmail.com,true
learner_1608279728851@yopmail.com,true
learner_1608279768065@yopmail.com,true
learner_1608279808308@yopmail.com,true
learner_1608279845053@yopmail.com,true
learner_1608284041131@yopmail.com,true
learner_1608284090817@yopmail.com,true
learner_1608284135689@yopmail.com,true
learner_1609395105713@yopmail.com,true
learner_1609395161045@yopmail.com,true
learner_1609395211453@yopmail.com,true
learner_1609395265142@yopmail.com,true
learner_1609395316573@yopmail.com,true
learner_1609395586156@yopmail.com,true
learner_1609395643001@yopmail.com,true
learner_1609395690669@yopmail.com,true
learner_1609395738975@yopmail.com,true
learner_1609395792011@yopmail.com,true
learner_1609398766311@yopmail.com,true
learner_1610457205589@yopmail.com,true
learner_1610457267823@yopmail.com,true
learner_1610457314498@yopmail.com,true
learner_1610457362642@yopmail.com,true
learner_1610457408026@yopmail.com,true
learner_1610514710469@yopmail.com,true
learner_1610514750950@yopmail.com,true
learner_1610514790048@yopmail.com,true
learner_1610514830292@yopmail.com,true
learner_1610514873034@yopmail.com,true
learner_1610522169307@yopmail.com,true
learner_1610522213419@yopmail.com,true
learner_1610522256358@yopmail.com,true
learner_1610522300827@yopmail.com,true
learner_1610522340989@yopmail.com,true
learner_1610601067910@yopmail.com,true
learner_1610601484312@yopmail.com,true
learner_1610601538399@yopmail.com,true
learner_1610601710496@yopmail.com,true
learner_1610601805952@yopmail.com,true
learner_1610700920422@yopmail.com,true
learner_1610700980022@yopmail.com,true
learner_1610702503792@yopmail.com,true
learner_1610702570762@yopmail.com,true
learner_1612165065715@yopmail.com,true
learner_1612165170878@yopmail.com,true
learner_1612165275268@yopmail.com,true
learner_1612165367541@yopmail.com,true
learner_1612165460417@yopmail.com,true
learner_1612166560776@yopmail.com,true
learner_1612166656612@yopmail.com,true
learner_1612166750681@yopmail.com,true
learner_1612166838079@yopmail.com,true
learner_1612166931571@yopmail.com,true
learner_1612943127356@yopmail.com,true
learner_1612943213254@yopmail.com,true
learner_1612943290878@yopmail.com,true
learner_1612943370897@yopmail.com,true
learner_1612943452252@yopmail.com,true
learner_1612943602436@yopmail.com,true
learner_1612943695788@yopmail.com,true
learner_1612943790614@yopmail.com,true
learner_1612943889538@yopmail.com,true
learner_1612943977606@yopmail.com,true
learner_1612944989346@yopmail.com,true
learner_1612945062652@yopmail.com,true
learner_1612945134386@yopmail.com,true
learner_1614142040674@yopmail.com,true
learner_1614142121079@yopmail.com,true
learner_1614142200417@yopmail.com,true
learner_1614142277322@yopmail.com,true
learner_1614142359157@yopmail.com,true
learner_1614143707546@yopmail.com,true
learner_1614143786275@yopmail.com,true
learner_1614143857936@yopmail.com,true
learner_1614143933442@yopmail.com,true
learner_1614144008175@yopmail.com,true
learner_1614916636335@yopmail.com,true
learner_1614916720803@yopmail.com,true
learner_1614916803849@yopmail.com,true
learner_1614916885499@yopmail.com,true
learner_1614916965145@yopmail.com,true
learner_1614917240805@yopmail.com,true
learner_1614917317314@yopmail.com,true
learner_1614917391981@yopmail.com,true
learner_1614917467483@yopmail.com,true
learner_1614917542492@yopmail.com,true
learner_1614928703664@yopmail.com,true
learner_1614928781184@yopmail.com,true
learner_1614928856360@yopmail.com,true
learner_1614928932121@yopmail.com,true
learner_1614929007335@yopmail.com,true
learner_1616079605918@yopmail.com,true
learner_1616079693889@yopmail.com,true
learner_1616079782131@yopmail.com,true
learner_1616079876340@yopmail.com,true
learner_1616079960512@yopmail.com,true
learner_1616080065744@yopmail.com,true
learner_1616080157747@yopmail.com,true
learner_1616080247307@yopmail.com,true
learner_1616080330529@yopmail.com,true
learner_1616080392534@yopmail.com,true
learner_1616411724644@yopmail.com,true
learner_1616411804884@yopmail.com,true
learner_1616411889676@yopmail.com,true
learner_1616411971773@yopmail.com,true
learner_1616412052790@yopmail.com,true
learner_1616414381146@yopmail.com,true
learner_1616414465679@yopmail.com,true
learner_1616414552719@yopmail.com,true
learner_1616414633008@yopmail.com,true
learner_1616414718918@yopmail.com,true
learner_1616751626677@yopmail.com,true
learner_1616751706188@yopmail.com,true
learner_1616751792463@yopmail.com,true
learner_1616751872359@yopmail.com,true
learner_1616751956368@yopmail.com,true
learner_1616752048033@yopmail.com,true
learner_1616752128257@yopmail.com,true
learner_1616752212089@yopmail.com,true
learner_1616752290864@yopmail.com,true
learner_1616752378565@yopmail.com,true
learner_1616754233538@yopmail.com,true
learner_1616754317897@yopmail.com,true
learner_1616754410445@yopmail.com,true
learner_1616754489255@yopmail.com,true
learner_1617856006154@yopmail.com,true
learner_1617856090792@yopmail.com,true
learner_1617856168897@yopmail.com,true
learner_1617856249966@yopmail.com,true
learner_1617856325099@yopmail.com,true
learner_1617856845100@yopmail.com,true
learner_1617856955801@yopmail.com,true
learner_1617857035234@yopmail.com,true
learner_1617857110670@yopmail.com,true
learner_1617857190728@yopmail.com,true
learner_1617857748863@yopmail.com,true
learner_1617857833334@yopmail.com,true
learner_1617857913778@yopmail.com,true
learner_1617857995637@yopmail.com,true
learner_1618815983496@yopmail.com,true
learner_1618816089919@yopmail.com,true
learner_1618816251259@yopmail.com,true
learner_1618816366880@yopmail.com,true
learner_1618816495466@yopmail.com,true
learner_1618817170271@yopmail.com,true
learner_1618817258145@yopmail.com,true
learner_1618817341806@yopmail.com,true
learner_1618817424241@yopmail.com,true
learner_1618817514153@yopmail.com,true
learner_1618821558411@yopmail.com,true
learner_1619624237564@yopmail.com,true
learner_1619624296992@yopmail.com,true
learner_1619624384779@yopmail.com,true
learner_1619624469452@yopmail.com,true
learner_1619624570461@yopmail.com,true
learner_1619624817361@yopmail.com,true
learner_1619624893198@yopmail.com,true
learner_1619624975060@yopmail.com,true
learner_1619625055850@yopmail.com,true
learner_1619625138226@yopmail.com,true
learner_1620629123143@yopmail.com,true
learner_1620629213483@yopmail.com,false
learner_1620629289879@yopmail.com,false
learner_1620629369039@yopmail.com,false
learner_1620629448121@yopmail.com,false
learner_1620630283295@yopmail.com,false
learner_1620630432043@yopmail.com,false
learner_1620630519496@yopmail.com,false
learner_1620630599688@yopmail.com,false
learner_1620638518493@yopmail.com,false
learner_1620638602564@yopmail.com,false
learner_1620638665226@yopmail.com,false
learner_1620638720194@yopmail.com,false
learner_1620638776121@yopmail.com,false
